Department,Ref Number,Appt Type,Job Class,Job Title,Meta_Identifier,Meta_DirectApply,Meta_HiringOrganization,Meta_DatePosted,Meta_Description,Link
EthicsCommission,RTF0145925-01136965,PermanentExempt,0922,ManagerI,3743990003954911,,City and County of San Francisco,2024-03-29T22:18:34.972Z,DIRECTOR OF ENFORCEMENT at San Francisco Ethics Commission,role/?id=3743990003954911
SanFranciscoInternationalAirport,RTF0144175-01155087,PermanentCivilService,0941,ManagerVI,3743990003954906,,City and County of San Francisco,2024-03-29T22:18:30.383Z,"DIRECTOR, INNOVATION AND SOLUTIONS - ITT - SFO (0941) (144219) at San Francisco San Francisco International Airport",role/?id=3743990003954906
SanFranciscoInternationalAirport,RTF0146068-01107929,TemporaryExempt,9920,PublicServiceAide,3743990003954826,,City and County of San Francisco,2024-03-29T22:12:48.558Z,9920-Public Service Aide - Assistant To Professionals at San Francisco San Francisco International Airport,role/?id=3743990003954826
HumanServicesAgency,RTF0142645-01103422,PermanentCivilService,0932,ManagerIV,3743990003954777,,City and County of San Francisco,2024-03-29T22:02:50.467Z,Family and Children’s Services Program Director - San Francisco Human Services Agency (0932) (142646) at San Francisco Human Services Agency,role/?id=3743990003954777
EmergencyManagement,REF39633W,PermanentCivilService,8238,PublicSafetyCommunicationsDispatcher,3743990003954526,,City and County of San Francisco,2024-03-29T21:34:24.073Z,Public Safety Communications Dispatcher - Department of Emergency Management (8238) at San Francisco Emergency Management,role/?id=3743990003954526
PublicWorks,RTF0145465-01156252,TemporaryExempt,5506,ProjectManagerIII,3743990003954276,,City and County of San Francisco,2024-03-29T21:00:52.188Z,Project Manager III (Part-Time) – SF Public Works (5506) (145466) at San Francisco Public Works,role/?id=3743990003954276
PublicWorks,RTF0145397-01003135,PermanentExempt,7220,AsphaltFinisherSupervisorI,3743990003952936,,City and County of San Francisco,2024-03-29T20:05:36.891Z,Asphalt Finisher Supervisor I - Street and Sewer Repair - SF Public Works (7220 PEX) (145398) at San Francisco Public Works,role/?id=3743990003952936
Citywide,REF38716V,PermanentCivilService,1654,AccountantIII,3743990003951526,,City and County of San Francisco,2024-03-29T19:16:54.836Z,Accountant III - Citywide Examination (1654) at San Francisco Citywide,role/?id=3743990003951526
RecreationParkCommission,REF39251O,TemporaryExempt,9910,PublicServiceTrainee,3743990003951376,,City and County of San Francisco,2024-03-29T19:11:25.447Z,SF Recreation & Parks - Aquatics Lifeguard Trainee Program Summer/Fall 2024 (9910) at San Francisco Recreation & Park Commission,role/?id=3743990003951376
Port,RTF0144429-01061915,PermanentCivilService,1823,SeniorAdministrativeAnalyst,3743990003950516,,City and County of San Francisco,2024-03-29T18:22:38.942Z,Port Special Events Manager (1823) - Port of San Francisco (145240) at San Francisco Port,role/?id=3743990003950516
Port,REF38298Z,PermanentCivilService,9332,PiledriverSupervisorI,3743990003949479,,City and County of San Francisco,2024-03-29T17:08:32.880Z,Piledriver Supervisor I (9332) - Port of San Francisco (087291) at San Francisco Port,role/?id=3743990003949479
PublicUtilitiesCommission,RTF0141710-01110708,TemporaryExempt,0933,ManagerV,3743990003948826,,City and County of San Francisco,2024-03-29T16:58:32.045Z,"DIRECTOR OF STRATEGY, PLANNING, AND INNOVATION, SFPUC - External Affairs (0933) (141711) at San Francisco Public Utilities Commission",role/?id=3743990003948826
PublicWorks,RTF0144730-01122924,TemporaryProvisionalPermanentCivilService,6230,StreetInspector,3743990003947096,,City and County of San Francisco,2024-03-29T15:40:55.156Z,Street Inspector – Inspections and Enforcement - San Francisco Public Works (6230 TPV) - 144731 at San Francisco Public Works,role/?id=3743990003947096
MunicipalTransportationAgency,REF39342J,PermanentCivilService,7473,WireRopeCableMaintenanceMechanicTrainee,3743990003946786,,City and County of San Francisco,2024-03-29T15:18:22.671Z,Wire Rope Cable Maintenance Mechanic Trainee – SF Municipal Transportation Agency – (7473) – (T00109) at San Francisco Municipal Transportation Agency,role/?id=3743990003946786
MunicipalTransportationAgency,RTF0146249-01139339,TemporaryProvisionalPermanentCivilService,5289,TransportationPlannerIII,3743990003946139,,City and County of San Francisco,2024-03-29T14:41:55.578Z,Transportation Planner III – SF Municipal Transportation Agency – Multiple Divisions (TPV – 5289 – 146250) at San Francisco Municipal Transportation Agency,role/?id=3743990003946139
PublicHealth,REF39347N,PermanentExempt,9910,PublicServiceTrainee,3743990003943746,,City and County of San Francisco,2024-03-29T00:10:56.735Z,Behavioral Health Fellow - San Francisco Department of Public Health (9910) at San Francisco Public Health,role/?id=3743990003943746
PublicHealth,REF38125C,PermanentCivilService,2624,Dietitian,3743990003943146,,City and County of San Francisco,2024-03-28T22:43:33.123Z,Dietitian (2624) – Department of Public Health at San Francisco Public Health,role/?id=3743990003943146
Police,RTF0138618-01151834,PermanentExempt,1063,ISProgrammerAnalyst,3743990003942956,,City and County of San Francisco,2024-03-28T22:29:36.203Z,Geographic IS Programmer Analyst – Senior – SFPD (1063) at San Francisco Police,role/?id=3743990003942956
RecreationParkCommission,RTF0143994-01120027,PermanentExempt,0953,DeputyDirectorIII,3743990003941076,,City and County of San Francisco,2024-03-28T19:52:04.740Z,Superintendent of Parks & Open Space (0953) - Rec and Parks at San Francisco Recreation & Park Commission,role/?id=3743990003941076
PublicHealth,RTF0145496-01106391,PermanentCivilService,0923,ManagerII,3743990003940076,,City and County of San Francisco,2024-03-28T18:31:32.808Z,ZSFG Patient Financial Services Outpatient Registration Manager (0923 Manager II) at San Francisco Public Health,role/?id=3743990003940076
PublicUtilitiesCommission,RTF0142209-01073966,PermanentCivilService,1839,WaterConservationAdministrator,3743990003938286,,City and County of San Francisco,2024-03-28T16:42:59.845Z,1839 - Water Conservation Administrator (1839) -Water Resources Division - SFPUC (142242) at San Francisco Public Utilities Commission,role/?id=3743990003938286
PublicUtilitiesCommission,REF37660Y,TemporaryExempt,7350,TransmissionandDistributionLineWorker,3743990003938206,,City and County of San Francisco,2024-03-28T16:38:50.735Z,"Electrical Transmission and Power Distribution Line Worker - High Voltage (7350) – Power Enterprise, SFPUC (Lineman) at San Francisco Public Utilities Commission",role/?id=3743990003938206
PublicUtilitiesCommission,RTF0144700-01114884,PermanentCivilService,3424,IntegratedPestManagementSpecialist,3743990003938156,,City and County of San Francisco,2024-03-28T16:35:38.074Z,Integrated Pest Management Specialist (3424) - Natural Resources & Lands Management Division - SFPUC (144701) at San Francisco Public Utilities Commission,role/?id=3743990003938156
PublicHealth,RTF0144962-01118444,PermanentCivilService,2330,Anesthetist,3743990003937666,,City and County of San Francisco,2024-03-28T15:51:04.359Z,Certified Registered Nurse Anesthetist - San Francisco Department of Public Health (2330) at San Francisco Public Health,role/?id=3743990003937666
PublicHealth,REF4248L,PermanentExempt,2232,SeniorPhysicianSpecialist,3743990003937171,,City and County of San Francisco,2024-03-28T15:49:21.790Z,Senior Physician Specialist – All Specialties 2232 at San Francisco Public Health,role/?id=3743990003937171
DepartmentofEarlyChildhood,RTF0146288-01112286,TemporaryProvisionalPermanentCivilService,9774,SeniorCommunityDevelopmentSpecialistI,3743990003937376,,City and County of San Francisco,2024-03-28T15:42:41.128Z,"9774 (TPV)- Universal Pre-K (UPK) Program Officer, Dept. of Early Childhood at San Francisco Department of Early Childhood",role/?id=3743990003937376
PublicUtilitiesCommission,RTF0140802-01067924,PermanentExempt,1823,SeniorAdministrativeAnalyst,3743990003924886,,City and County of San Francisco,2024-03-27T21:23:34.253Z,"SENIOR BUDGET ANALYST, Finance Division, SFPUC, (1823) (140803) at San Francisco Public Utilities Commission",role/?id=3743990003924886
HomelessnessandSupportiveHousing,RTF0146118-01144823,TemporaryProvisionalPermanentCivilService,1314,PublicRelationsOfficer,3743990003923254,,City and County of San Francisco,2024-03-27T20:09:28.337Z,1314-Public Information Officer at San Francisco Homelessness and Supportive Housing,role/?id=3743990003923254
HomelessnessandSupportiveHousing,RTF0143803-01127966,TemporaryExempt,2586,HealthWorkerII,3743990003920896,,City and County of San Francisco,2024-03-27T18:01:18.674Z,2586-Health Worker II - Transport at San Francisco Homelessness and Supportive Housing,role/?id=3743990003920896
HumanServicesAgency,RTF0142097-01088615,TemporaryProvisionalPermanentCivilService,2830,PublicHealthNurse,3743990003920516,,City and County of San Francisco,2024-03-27T17:38:32.874Z,Public Health Nurse – Clinical Quality Improvement (CQI) – San Francisco Human Services Agency (2830) – (142098) at San Francisco Human Services Agency,role/?id=3743990003920516
MunicipalTransportationAgency,REF36779U,PermanentCivilService,7381,AutomotiveMechanic,3743990003917637,,City and County of San Francisco,2024-03-27T15:43:32.129Z,Automotive Mechanic - City and County of San Francisco – Multiple Departments Citywide - (7381) - (T00095) at San Francisco Municipal Transportation Agency,role/?id=3743990003917637
PublicHealth,REF36472X,PermanentCivilService,2112,MedicalRecordTechnician,3743990003917546,,City and County of San Francisco,2024-03-27T15:25:53.532Z,Cancer Registrar with CTR (2112 Medical Record Technician) at San Francisco Public Health,role/?id=3743990003917546
PublicHealth,REF36472X,PermanentCivilService,2112,MedicalRecordTechnician,3743990003917516,,City and County of San Francisco,2024-03-27T15:24:35.794Z,2112 Medical Record Technician - Department of Public Health at San Francisco Public Health,role/?id=3743990003917516
Port,RTF0144622-01156172,TemporaryExempt,7395,OrnamentalIronWorker,3743990003905006,,City and County of San Francisco,2024-03-26T22:20:13.977Z,Ornamental Iron Worker - Port of San Francisco (7395) at San Francisco Port,role/?id=3743990003905006
PublicHealth,RTF0144423-01125218,PermanentExempt,0942,ManagerVII,3743990003904646,,City and County of San Francisco,2024-03-26T22:00:00.424Z,"Director of Nursing Services, Laguna Honda Hospital (0942 Manager VII) at San Francisco Public Health",role/?id=3743990003904646
SanFranciscoInternationalAirport,RTF0146308-01134804,TemporaryProvisionalPermanentCivilService,9234,AirportSecurityIDTechnician,3743990003898466,,City and County of San Francisco,2024-03-26T16:03:55.112Z,Airport Security ID Technician - Security Access Office - SFO (9234) (146309) at San Francisco San Francisco International Airport,role/?id=3743990003898466
PublicHealth,REF20091B,TemporaryExempt,2542,SpeechPathologist,3743990003898226,,City and County of San Francisco,2024-03-26T15:59:55.466Z,Speech Pathologist (2542) - Per Diem [Multiple Positions] - San Francisco Department of Public Health at San Francisco Public Health,role/?id=3743990003898226
PublicUtilitiesCommission,RTF0144601-01148814,PermanentExempt,5203,AssistantEngineer,3743990003897976,,City and County of San Francisco,2024-03-26T15:44:44.550Z,Assistant Engineer (Green Stormwater Infrastructure)- Wastewater Enterprise – SFPUC (5203) at San Francisco Public Utilities Commission,role/?id=3743990003897976
EconomicWorkforceDevelopment,RTF0144045-01134751,PermanentExempt,1823,SeniorAdministrativeAnalyst,3743990003892716,,City and County of San Francisco,2024-03-26T02:42:07.042Z,Senior Budget and Financial Planning Analyst - Office of Economic and Workforce Development (1823) at San Francisco Economic & Workforce Development,role/?id=3743990003892716
Mayor,RTF0145818-01099318,PermanentCivilService,1823,SeniorAdministrativeAnalyst,3743990003890836,,City and County of San Francisco,2024-03-25T20:28:11.076Z,Data Analyst (1823 - Senior Administrative Analyst) at San Francisco Mayor,role/?id=3743990003890836
Mayor,RTF0146043-01151288,PermanentCivilService,1823,SeniorAdministrativeAnalyst,3743990003890626,,City and County of San Francisco,2024-03-25T20:05:38.955Z,Contracts/Operations Support Analyst (1823 - Senior Administrative Analyst) at San Francisco Mayor,role/?id=3743990003890626
SFCommunityCollegeDistrict,RTF0145667-01155789,PermanentExempt,7345,Electrician,3743990003890206,,City and County of San Francisco,2024-03-25T19:07:39.649Z,7345-Electrician at San Francisco SF Community College District,role/?id=3743990003890206
PublicWorks,RTF0144703-01027037,TemporaryProvisionalPermanentCivilService,3436,ArboristTechnicianSupervisorI,3743990003889306,,City and County of San Francisco,2024-03-25T18:18:02.049Z,Arborist Technician Supervisor I – Urban Forestry – San Francisco Public Works (3436 TPV) (144703) at San Francisco Public Works,role/?id=3743990003889306
HomelessnessandSupportiveHousing,RTF0145368-01147355,TemporaryProvisionalPermanentCivilService,1823,SeniorAdministrativeAnalyst,3743990003888166,,City and County of San Francisco,2024-03-25T16:59:46.785Z,Senior Administrative Analyst - Dept. of Homelessness and Supportive Housing (1823) at San Francisco Homelessness and Supportive Housing,role/?id=3743990003888166
PublicLibrary,RTF0145909-01122164,PermanentCivilService,1062,ISProgrammerAnalyst,3743990003886946,,City and County of San Francisco,2024-03-25T16:01:58.871Z,IS Programmer Analyst - San Francisco Public Library (1062) (143695) at San Francisco Public Library,role/?id=3743990003886946
MunicipalTransportationAgency,RTF0143866-01152707,TemporaryProvisionalPermanentCivilService,1312,PublicInformationOfficer,3743990003886396,,City and County of San Francisco,2024-03-25T15:32:13.665Z,"Public Information Officer – Community Liaison (Filipino, Cantonese, Spanish) – SF Municipal Transportation Agency – (1312 TPV) – (143867) at San Francisco Municipal Transportation Agency",role/?id=3743990003886396
PublicHealth,RTF0145108-01104891,PermanentExempt,0943,ManagerVIII,3743990003879006,,City and County of San Francisco,2024-03-22T22:18:49.169Z,ZSFG Chief Operating Officer (0943 Manager VIII) at San Francisco Public Health,role/?id=3743990003879006
PublicUtilitiesCommission,REF39438H,PermanentCivilService,7449,SewerServiceWorker,3743990003871646,,City and County of San Francisco,2024-03-22T17:11:57.691Z,Sewer Service Worker - Citywide - (7449) (119071) at San Francisco Public Utilities Commission,role/?id=3743990003871646
PublicUtilitiesCommission,RTF0145213-01086891,PermanentCivilService,5298,PlannerIII,3743990003868646,,City and County of San Francisco,2024-03-22T15:13:28.328Z,Planner III Environmental Project Manager - Environmental Management Group - SFPUC (5298) (145214) at San Francisco Public Utilities Commission,role/?id=3743990003868646
HumanResources,RTF0143949-01112636,PermanentCivilService,0932,ManagerIV,3743990003866316,,City and County of San Francisco,2024-03-22T12:52:50.040Z,Assistant Director of Employment Services Consulting and Operations - (0932) - (143950) at San Francisco Human Resources,role/?id=3743990003866316
PublicUtilitiesCommission,RTF0139204-01076509,PermanentCivilService,1824,PrincipalAdministrativeAnalyst,3743990003862286,,City and County of San Francisco,2024-03-21T23:15:35.414Z,"Principal Administrative Analyst, Special Projects - External Affairs - SFPUC (1824) (139205) at San Francisco Public Utilities Commission",role/?id=3743990003862286
Mayor,RTF0146230-01149913,PermanentCivilService,9775,SeniorCommunityDevelopmentSpecialistII,3743990003861936,,City and County of San Francisco,2024-03-21T22:29:20.025Z,Multifamily Senior Project Manager (9775-Senior Community Development Specialist II) at San Francisco Mayor,role/?id=3743990003861936
MunicipalTransportationAgency,RTF0145081-01102569,PermanentExempt,9177,ManagerIII,3743990003856276,,City and County of San Francisco,2024-03-21T18:38:15.995Z,"9177 Revenue Manager, Finance and IT Division, Budget and Capital Finance - SF Municipal Transportation Agency at San Francisco Municipal Transportation Agency",role/?id=3743990003856276
RecreationParkCommission,REF39395E,PermanentExempt,1823,SeniorAdministrativeAnalyst,3743990003854546,,City and County of San Francisco,2024-03-21T17:15:24.841Z,Senior Administrative Analyst - Fleet Management - Rec & Parks (1823 PEX) at San Francisco Recreation & Park Commission,role/?id=3743990003854546
CityAttorney,RTF0144626-01155484,PermanentExempt,8177,Attorney,3743990003853906,,City and County of San Francisco,2024-03-21T16:36:19.225Z,Deputy City Attorney- Health & Human Services Team- City Attorney's Office (8177) at San Francisco City Attorney,role/?id=3743990003853906
HumanResources,RTF0141708-01103828,PermanentCivilService,0931,ManagerIII,3743990003853376,,City and County of San Francisco,2024-03-21T16:11:07.579Z,0931 ASSISTANT DIRECTOR OF EEO PROGRAMS - Department of Human Resources (141709) at San Francisco Human Resources,role/?id=3743990003853376
PublicHealth,RTF0144518-01125946,PermanentCivilService,2453,SupervisingPharmacist,3743990003842536,,City and County of San Francisco,2024-03-20T21:21:26.037Z,Supervising Pharmacist (2453) – Dept. of Public Health – (144519) at San Francisco Public Health,role/?id=3743990003842536
MunicipalTransportationAgency,RTF0145499-01082641,PermanentExempt,9174,ManagerIV,3743990003835976,,City and County of San Francisco,2024-03-20T17:12:57.106Z,"Human Resources Compliance Manager, Human Resources Division - SF Municipal Transportation Agency (9174) at San Francisco Municipal Transportation Agency",role/?id=3743990003835976
Controller,REF39389B,PermanentCivilService,1867,AuditorI,3743990003833826,,City and County of San Francisco,2024-03-20T15:48:07.996Z,Auditor I - Controller's Office (1867) at San Francisco Controller,role/?id=3743990003833826
HumanServicesAgency,RTF0140854-01154872,PermanentCivilService,1823,SeniorAdministrativeAnalyst,3743990003825296,,City and County of San Francisco,2024-03-19T23:22:02.922Z,Procurement Supervisor- Finance – San Francisco Human Services Agency (1823) (140855) at San Francisco Human Services Agency,role/?id=3743990003825296
HumanServicesAgency,RTF0143215-01077492,PermanentCivilService,1053,ISBusinessAnalyst,3743990003824676,,City and County of San Francisco,2024-03-19T22:47:37.759Z,IS Business Analyst- Senior - Information Technology– San Francisco Human Services Agency (1053) (143216) at San Francisco Human Services Agency,role/?id=3743990003824676
Mayor,RTF0137352-01149565,TemporaryProvisionalPermanentCivilService,1823,SeniorAdministrativeAnalyst,3743990003823722,,City and County of San Francisco,2024-03-19T21:25:39.700Z,Real Estate Analyst  (1823 - SENIOR ADMINISTRATIVE ANALYST REAL ESTATE DEVELOPMENT) at San Francisco Mayor,role/?id=3743990003823722
MunicipalTransportationAgency,RTF0145852-01128278,PermanentExempt,9172,ManagerII,3743990003814546,,City and County of San Francisco,2024-03-19T15:46:47.480Z,"Assistant Division Manager, Transit Division - SF Municipal Transportation Agency (9172) at San Francisco Municipal Transportation Agency",role/?id=3743990003814546
HomelessnessandSupportiveHousing,RTF0146080-01148268,TemporaryProvisionalPermanentCivilService,1823,SeniorAdministrativeAnalyst,3743990003805996,,City and County of San Francisco,2024-03-18T21:30:26.808Z,GUEST PLACEMENT SENIOR ANALYST - Dept. of Homelessness and Supportive Housing (1823) at San Francisco Homelessness and Supportive Housing,role/?id=3743990003805996
HumanServicesAgency,REF37013D,PermanentCivilService,2940,ProtectiveServicesWorker,3743990003805806,,City and County of San Francisco,2024-03-18T21:19:33.926Z,Protective Services Worker – Public Conservator – San Francisco Human Services Agency (2940) (X00050) at San Francisco Human Services Agency,role/?id=3743990003805806
HumanServicesAgency,RTF0145503-01110492,PermanentExempt,2940,ProtectiveServicesWorker,3743990003805656,,City and County of San Francisco,2024-03-18T21:15:32.676Z,Protective Services Worker – Public Conservator – Human Services Agency (2940) (145504) (Permanent Exempt) at San Francisco Human Services Agency,role/?id=3743990003805656
SanFranciscoInternationalAirport,RTF0132092-01136632,TemporaryExempt,9910,PublicServiceTrainee,3743990003804606,,City and County of San Francisco,2024-03-18T20:26:22.264Z,Dispatcher Trainee- Safety & Security-SFO- (9910) at San Francisco San Francisco International Airport,role/?id=3743990003804606
HumanResources,RTF0140868-01103325,PermanentExempt,1053,ISBusinessAnalyst,3743990003802366,,City and County of San Francisco,2024-03-18T18:43:43.797Z,Senior Technical Business Analyst (1053) - Department of Human Resources at San Francisco Human Resources,role/?id=3743990003802366
PublicHealth,RTF0144523-01112563,PermanentExempt,0943,ManagerVIII,3743990003800606,,City and County of San Francisco,2024-03-18T17:26:48.720Z,"Chief Administrative Officer, Ambulatory Services (0943 Manager VIII) at San Francisco Public Health",role/?id=3743990003800606
Port,RTF0143988-01098249,PermanentCivilService,9395,PropertyManager,3743990003713376,,City and County of San Francisco,2024-03-15T23:11:32.095Z,Property Manager (9395) - Port of San Francisco (144294) at San Francisco Port,role/?id=3743990003713376
Port,RTF0141657-01013369,PermanentExempt,1824,PrincipalAdministrativeAnalyst,3743990003713336,,City and County of San Francisco,2024-03-15T23:08:35.125Z,Grants Manager - Port of San Francisco (1824) at San Francisco Port,role/?id=3743990003713336
Port,RTF0137406-01010716,PermanentCivilService,0922,ManagerI,3743990003713296,,City and County of San Francisco,2024-03-15T23:01:47.006Z,Administrative Maintenance Manager (0922) - Port of San Francisco (143198) at San Francisco Port,role/?id=3743990003713296
RetirementSystem,RTF0144571-01155425,PermanentExempt,0923,ManagerII,3743990003713216,,City and County of San Francisco,2024-03-15T22:55:39.629Z,"Associate Portfolio Manager – Asset Allocation, Risk Management, and Innovative Solutions - San Francisco Employees' Retirement System (0923) (144581) at San Francisco Retirement System",role/?id=3743990003713216
RetirementSystem,RTF0144151-01125090,PermanentExempt,0923,ManagerII,3743990003713186,,City and County of San Francisco,2024-03-15T22:54:56.625Z,Associate Portfolio Manager – Private Equity - San Francisco Employees' Retirement System (0923) (144152) at San Francisco Retirement System,role/?id=3743990003713186
RetirementSystem,RTF0140737-01115111,PermanentExempt,0923,ManagerII,3743990003713156,,City and County of San Francisco,2024-03-15T22:54:12.921Z,Associate Portfolio Manager – Absolute Return - San Francisco Employees' Retirement System (0923) (140756) at San Francisco Retirement System,role/?id=3743990003713156
Controller,REF33916R,PermanentExempt,1053,ISBusinessAnalyst,3743990003712776,,City and County of San Francisco,2024-03-15T21:52:16.695Z,PeopleSoft Systems Integration & Batch Operations Analyst (Hybrid Workplace) - Controller's Office (1053) at San Francisco Controller,role/?id=3743990003712776
Controller,RTF0143563-01156031,TemporaryExempt,1042,ISEngineer,3743990003712746,,City and County of San Francisco,2024-03-15T21:51:45.822Z,PeopleSoft System Administrator (Hybrid Workplace) - Controller's Office (1042) at San Francisco Controller,role/?id=3743990003712746
SanFranciscoInternationalAirport,RTF0145104-01127317,TemporaryProvisionalPermanentCivilService,5216,ChiefSurveyor,3743990003712626,,City and County of San Francisco,2024-03-15T21:41:56.515Z,Chief Surveyor - Design & Construction - SFO (5216) - 145105 at San Francisco San Francisco International Airport,role/?id=3743990003712626
SanFranciscoInternationalAirport,RTF0142805-01134800,TemporaryProvisionalPermanentCivilService,6137,AssistantIndustrialHygienist,3743990003712026,,City and County of San Francisco,2024-03-15T20:25:19.305Z,Assistant Industrial Hygienist - Safety & Health (SFO) (6137) at San Francisco San Francisco International Airport,role/?id=3743990003712026
PublicWorks,RTF0140641-01136724,TemporaryProvisionalPermanentCivilService,3434,ArboristTechnician,3743990003710496,,City and County of San Francisco,2024-03-15T19:10:16.259Z,Arborist Technician - Urban Forestry - San Francisco Public Works (3434) (140642) at San Francisco Public Works,role/?id=3743990003710496
PublicHealth,RTF0130781-01076692,PermanentCivilService,3450,AgriculturalInspector,3743990003703161,,City and County of San Francisco,2024-03-15T17:11:17.471Z,State-Licensed Agricultural Inspector (3450) - DPH - 132792 at San Francisco Public Health,role/?id=3743990003703161
PublicHealth,RTF0130727-01077337,PermanentCivilService,6220,InspectorOfWeightsAndMeasures,3743990003703156,,City and County of San Francisco,2024-03-15T17:10:11.676Z,State-Licensed Inspector of Weights and Measures (6220) [130728] at San Francisco Public Health,role/?id=3743990003703156
PublicHealth,RTF0144547-01098391,PermanentCivilService,0923,ManagerII,3743990003701351,,City and County of San Francisco,2024-03-15T16:59:31.921Z,South of Market Outpatient Clinic Program Director (0923 Manager II) at San Francisco Public Health,role/?id=3743990003701351
PublicHealth,REF7172E,PermanentCivilService,2932,SeniorBehavioralHealthClinician,3743990003700506,,City and County of San Francisco,2024-03-15T16:19:28.805Z,Senior Behavioral Health Clinician - Citywide CCT 2932 at San Francisco Public Health,role/?id=3743990003700506
PublicHealth,REF7170H,PermanentCivilService,2930,BehavioralHealthClinician,3743990003700486,,City and County of San Francisco,2024-03-15T16:17:37.894Z,Behavioral Health Clinician - Citywide CCT 2930 at San Francisco Public Health,role/?id=3743990003700486
PublicHealth,REF23988C,PermanentCivilService,2574,ClinicalPsychologist,3743990003700456,,City and County of San Francisco,2024-03-15T16:14:03.284Z,Clinical Psychologist - Citywide CCT 2574 at San Francisco Public Health,role/?id=3743990003700456
SFCommunityCollegeDistrict,RTF0145127-01126627,TemporaryExempt,8209,InstitutionalPoliceLieutenant,3743990003700256,,City and County of San Francisco,2024-03-15T16:06:25.693Z,8209-Institutional Police Lieutenant at San Francisco SF Community College District,role/?id=3743990003700256
MunicipalTransportationAgency,RTF0119596-01150508,TemporaryExempt,8201,SchoolCrossingGuard,3743990003694986,,City and County of San Francisco,2024-03-14T23:21:36.718Z,School Crossing Guard - Streets Division - SF Municipal Transportation Agency (8201) at San Francisco Municipal Transportation Agency,role/?id=3743990003694986
PublicWorks,REF38431T,PermanentCivilService,0942,ManagerVII,3743990003694356,,City and County of San Francisco,2024-03-14T21:16:59.449Z,Operations Bureau Manager - Street Environmental Services – SF Public Works (0942) – (114406) at San Francisco Public Works,role/?id=3743990003694356
PublicUtilitiesCommission,RTF0143533-01116163,PermanentCivilService,0923,ManagerII,3743990003694326,,City and County of San Francisco,2024-03-14T21:11:20.977Z,DEVELOPMENT MANAGER - GENERAL MANAGER - SFPUC (0923) (143890) at San Francisco Public Utilities Commission,role/?id=3743990003694326
PublicWorks,RTF0143304-01127372,PermanentCivilService,0941,ManagerVI,3743990003694246,,City and County of San Francisco,2024-03-14T21:02:55.168Z,Urban Forestry Superintendent - Public Works (0941) - (138144) at San Francisco Public Works,role/?id=3743990003694246
PublicHealth,REF39030N,PermanentCivilService,2920,MedicalSocialWorker,3743990003691976,,City and County of San Francisco,2024-03-14T18:29:32.941Z,Medical Social Worker (2920) at San Francisco Public Health,role/?id=3743990003691976
SanFranciscoInternationalAirport,RTF0143548-01155105,TemporaryExempt,9976,TechnologyExpertI,3743990003648256,,City and County of San Francisco,2024-03-12T22:27:03.362Z,Data Architect - ITT - SFO (9976) at San Francisco San Francisco International Airport,role/?id=3743990003648256
SanFranciscoInternationalAirport,RTF0141130-01041323,PermanentExempt,9976,TechnologyExpertI,3743990003648206,,City and County of San Francisco,2024-03-12T22:25:42.856Z,Airport Systems Subject Matter Expert - ITT - SFO (9976) at San Francisco San Francisco International Airport,role/?id=3743990003648206
Mayor,RTF0144340-01151289,PermanentCivilService,1824,PrincipalAdministrativeAnalyst,3743990003646776,,City and County of San Francisco,2024-03-12T19:41:51.228Z,DATA MANAGER (1824 - Principal Administrative Analyst) at San Francisco Mayor,role/?id=3743990003646776
FineArtsMuseum,REF2740E,TemporaryExempt,8202,SecurityGuard,3743990003646426,,City and County of San Francisco,2024-03-12T19:05:00.163Z,8202 - Security Guard - Fine Arts Museum at San Francisco Fine Arts Museum,role/?id=3743990003646426
PublicUtilitiesCommission,REF4446I,PermanentExempt,7372,StationaryEngineer,3743990003635176,,City and County of San Francisco,2024-03-11T16:12:45.440Z,"Stationary Engineer, Sewage Plant (Job Code 7372) at San Francisco Public Utilities Commission",role/?id=3743990003635176
HomelessnessandSupportiveHousing,RTF0145148-01134113,PermanentExempt,0953,DeputyDirectorIII,3743990003620126,,City and County of San Francisco,2024-03-07T21:53:36.015Z,Deputy Director for Programs - Dept. of Homelessness and Supportive Housing (0953) at San Francisco Homelessness and Supportive Housing,role/?id=3743990003620126
PublicHealth,REF5194O,TemporaryExempt,2328,NursePractitioner,3743990003617661,,City and County of San Francisco,2024-03-07T19:15:26.752Z,2328 Nurse Practitioner - All Specialties (DPH) at San Francisco Public Health,role/?id=3743990003617661
PublicHealth,REF809X,TemporaryExempt,2920,MedicalSocialWorker,3743990003617616,,City and County of San Francisco,2024-03-07T19:11:32.112Z,2920 Medical Social Worker (DPH) at San Francisco Public Health,role/?id=3743990003617616
JuvenileProbation,REF4235T,TemporaryExempt,8562,Counselor,3743990003596046,,City and County of San Francisco,2024-03-05T19:34:58.681Z,"Juvenile Hall Counselor, On-Call, JUV 8562 at San Francisco Juvenile Probation",role/?id=3743990003596046
PublicHealth,RTF0144115-01128357,PermanentExempt,9976,TechnologyExpertI,3743990003595431,,City and County of San Francisco,2024-03-05T18:42:00.427Z,Technology Expert I - Epic Professional Billing DPH 9976 at San Francisco Public Health,role/?id=3743990003595431
Mayor,RTF0143893-01146010,PermanentCivilService,9775,SeniorCommunityDevelopmentSpecialistII,3743990003588546,,City and County of San Francisco,2024-03-04T21:04:35.979Z,Housing Construction Representative (9775-Senior Community Development Specialist II) at San Francisco Mayor,role/?id=3743990003588546
DistrictAttorney,REF861T,PermanentExempt,8177,Attorney,3743990003586806,,City and County of San Francisco,2024-03-04T18:36:55.996Z,Assistant District Attorney - Civil/Criminal (8177) at San Francisco District Attorney,role/?id=3743990003586806
DistrictAttorney,RTF0145438-01110086,PermanentExempt,8177,Attorney,3743990003586336,,City and County of San Francisco,2024-03-04T17:51:36.848Z,8177-Attorney (Civil/Criminal) - Writs & Appeals at San Francisco District Attorney,role/?id=3743990003586336
Controller,RTF0121406-01150808,TemporaryExempt,1654,AccountantIII,3743990003585612,,City and County of San Francisco,2024-03-04T17:02:51.637Z,Accountant III - Controller's Officer (1654) at San Francisco Controller,role/?id=3743990003585612
Controller,RTF0119609-01150499,TemporaryExempt,1634,PrincipalAccountClerk,3743990003585496,,City and County of San Francisco,2024-03-04T16:48:22.310Z,Principal Account Clerk - Controller's Office (1634) at San Francisco Controller,role/?id=3743990003585496
SanFranciscoInternationalAirport,RTF0144063-01090404,TemporaryProvisionalPermanentCivilService,8139,IndustrialInjuryInvestigator,3743990003581276,,City and County of San Francisco,2024-03-02T00:29:48.671Z,Industrial Injury Investigator - Safety & Wellness - SFO (8139) - 144064 at San Francisco San Francisco International Airport,role/?id=3743990003581276
Police,REF18255F,PermanentCivilService,Q002,PoliceOfficer,3743990003577726,,City and County of San Francisco,2024-03-01T18:29:52.228Z,Police Officer - San Francisco Police Department (Q002) at San Francisco Police,role/?id=3743990003577726
SanFranciscoInternationalAirport,RTF0142180-01119784,TemporaryProvisionalPermanentCivilService,7328,OperatingEngineer,3743990003542166,,City and County of San Francisco,2024-02-23T20:51:32.988Z,"Operating Engineer, Universal - SFO (7328) - (142182) at San Francisco San Francisco International Airport",role/?id=3743990003542166
CityAdministrator,RTF0141409-01111513,PermanentExempt,0932,ManagerIV,3743990003534506,,City and County of San Francisco,2024-02-22T21:08:49.470Z,Deputy Director of Purchasing - Office of Contract Administration (0932) at San Francisco City Administrator,role/?id=3743990003534506
PublicHealth,REF3503J,TemporaryExempt,P103,SpecialNurse,3743990003529186,,City and County of San Francisco,2024-02-21T23:47:47.323Z,Per Diem Registered Nurse - (All Specialties) - DPH - (P103) at San Francisco Public Health,role/?id=3743990003529186
PublicHealth,REF29323X,PermanentCivilService,2320,RegisteredNurse,3743990003529106,,City and County of San Francisco,2024-02-21T23:45:29.843Z,Registered Nurse [Experienced Nurses] - DPH (2320) at San Francisco Public Health,role/?id=3743990003529106
PublicHealth,REF28890M,PermanentCivilService,2320,RegisteredNurse,3743990003529066,,City and County of San Francisco,2024-02-21T23:44:16.173Z,Registered Nurse [Training Program] - DPH (2320) at San Francisco Public Health,role/?id=3743990003529066
Technology,REF34760B,TemporaryExempt,1063,ISProgrammerAnalyst,3743990003527596,,City and County of San Francisco,2024-02-21T21:16:39.428Z,System Integration Developer  - Department of Technology (1063) at San Francisco Technology,role/?id=3743990003527596
CityAttorney,RTF0140135-01077120,PermanentExempt,8177,Attorney,3743990003525136,,City and County of San Francisco,2024-02-21T18:10:00.609Z,Deputy City Attorney - Trial/Litigation Team - City Attorney's Office (8177) at San Francisco City Attorney,role/?id=3743990003525136
EmergencyManagement,REF20035L,TemporaryExempt,1093,ITOperationsSupportAdministratorIII,3743990003490306,,City and County of San Francisco,2024-02-14T22:35:25.261Z,,role/?id=3743990003490306
PublicUtilitiesCommission,RTF0130650-01077778,PermanentCivilService,6137,AssistantIndustrialHygienist,3743990003482706,,City and County of San Francisco,2024-02-13T23:09:49.632Z,Assistant Industrial Hygienist - HRS H&S - SFPUC (6137) (130651) at San Francisco Public Utilities Commission,role/?id=3743990003482706
PublicHealth,REF4247X,PermanentExempt,2230,PhysicianSpecialist,3743990003482626,,City and County of San Francisco,2024-02-13T22:50:11.475Z,Physician Specialist – All Specialties 2230 at San Francisco Public Health,role/?id=3743990003482626
PublicHealth,REF4248L,PermanentExempt,2232,SeniorPhysicianSpecialist,3743990003482586,,City and County of San Francisco,2024-02-13T22:49:16.742Z,Senior Physician Specialist - Jail Health 2232 at San Francisco Public Health,role/?id=3743990003482586
RecreationParkCommission,REF3041B,TemporaryExempt,3279,RecreationLeader,3743990003464846,,City and County of San Francisco,2024-02-09T22:59:42.812Z,"Recreation Leader  - San Francisco (including Seasonal Day Camp 2024 - Arts, Sports, Community Services (Neighborhood Camps), Waterfront  (3279 TEX As-Needed) at San Francisco Recreation & Park Commission",role/?id=3743990003464846
PublicHealth,RTF0128979-01123211,PermanentCivilService,2471,RadiologicTechnologistI,3743990003448686,,City and County of San Francisco,2024-02-07T20:11:49.599Z,"Radiologic Technologist I, II, III (2471) at San Francisco Public Health",role/?id=3743990003448686
PublicHealth,RTF0122803-01065671,PermanentCivilService,2472,RadiologicTechnologistLead,3743990003448166,,City and County of San Francisco,2024-02-07T19:44:39.376Z,Radiologic Technologist Lead (2472) - Department of Public Health at San Francisco Public Health,role/?id=3743990003448166
Controller,RTF0137831-01101589,PermanentExempt,1064,ISProgrammerAnalyst,3743990003441816,,City and County of San Francisco,2024-02-06T23:12:16.267Z,PeopleSoft Programmer Analyst (Hybrid workplace) -Systems Division - Controller's Office (1064) (Hybrid workplace) at San Francisco Controller,role/?id=3743990003441816
PublicHealth,RTF0143412-01140677,TemporaryExempt,2324,NursingSupervisor,3743990003418756,,City and County of San Francisco,2024-02-02T18:32:25.014Z,"Nursing Supervisor, Long Term Care / Geriatric Nursing (2324) – Department of Public Health at San Francisco Public Health",role/?id=3743990003418756
PublicHealth,RTF0142432-01016539,PermanentExempt,2230,PhysicianSpecialist,3743990003403386,,City and County of San Francisco,2024-01-31T22:41:02.817Z,Podiatrist - Physician Specialist DPH 2230 at San Francisco Public Health,role/?id=3743990003403386
FireDepartment,REF26306Z,PermanentCivilService,H003,EMT,3743990003403346,,City and County of San Francisco,2024-01-31T22:25:49.780Z,EMT/Paramedic - San Francisco Fire Department (H003) at San Francisco Fire Department,role/?id=3743990003403346
RecreationParkCommission,RTF0143146-01129797,TemporaryExempt,3264,CampAssistant,3743990003387946,,City and County of San Francisco,2024-01-29T18:39:06.486Z,Camp Assistant - Camp Mather (Outside of San Francisco) - Rec & Parks (3264) at San Francisco Recreation & Park Commission,role/?id=3743990003387946
SanFranciscoInternationalAirport,REF33900A,TemporaryExempt,0923,ManagerII,3743990003387286,,City and County of San Francisco,2024-01-29T16:44:52.627Z,Current Operations Team Leader – AIOC – SFO (0923) at San Francisco San Francisco International Airport,role/?id=3743990003387286
PublicHealth,RTF0136037-01154457,TemporaryExempt,2322,NurseManager,3743990003387166,,City and County of San Francisco,2024-01-29T16:36:14.835Z,2322 Nurse Manager (Long Term Care/Geriatric Nursing) at San Francisco Public Health,role/?id=3743990003387166
PublicHealth,REF6840T,PermanentCivilService,2454,ClinicalPharmacist,3743990003324256,,City and County of San Francisco,2024-01-23T23:26:27.612Z,Clinical Pharmacist (2454) - Dept. of Public Health - (H00047) at San Francisco Public Health,role/?id=3743990003324256
SanFranciscoInternationalAirport,REF33935V,TemporaryExempt,1844,SeniorManagementAssistant,3743990003316076,,City and County of San Francisco,2024-01-22T22:35:52.521Z,Senior Management Assistant – AIOC – SFO (1844) at San Francisco San Francisco International Airport,role/?id=3743990003316076
PublicHealth,REF6229M,PermanentCivilService,2450,Pharmacist,3743990003312376,,City and County of San Francisco,2024-01-22T16:35:12.840Z,Pharmacist (2450) - Dept. of Public Health at San Francisco Public Health,role/?id=3743990003312376
HumanServicesAgency,REF37064D,PermanentCivilService,2940,ProtectiveServicesWorker,3743990003309966,,City and County of San Francisco,2024-01-22T03:10:35.683Z,Protective Services Worker - Family and Children's Services - Human Services Agency (2940) (X00002) at San Francisco Human Services Agency,role/?id=3743990003309966
RecreationParkCommission,REF3025D,TemporaryExempt,3279,RecreationLeader,3743990003301246,,City and County of San Francisco,2024-01-19T00:28:40.861Z,Recreation Leader - Camp Mather Summer 2024 (outside of San Francisco -3279 TEX As-Needed) at San Francisco Recreation & Park Commission,role/?id=3743990003301246
RecreationParkCommission,RTF0143769-01142753,TemporaryExempt,2618,FoodServiceSupervisor,3743990003300576,,City and County of San Francisco,2024-01-18T22:43:37.376Z,Food Service Supervisor - Camp Mather 2024 (Outside of San Francisco) - Rec & Parks (2618) at San Francisco Recreation & Park Commission,role/?id=3743990003300576
RecreationParkCommission,RTF0117825-01123767,TemporaryExempt,3208,PoolLifeguard,3743990003299906,,City and County of San Francisco,2024-01-18T21:15:22.660Z,Lifeguard - Camp Mather 2024 (outside of San Francisco) (3208 TEX As-Needed) at San Francisco Recreation & Park Commission,role/?id=3743990003299906
PublicHealth,REF4186N,TemporaryExempt,2218,PhysicianAssistant,3743990003299018,,City and County of San Francisco,2024-01-18T20:24:30.545Z,Physician Assistant (TEX16 2218) at San Francisco Public Health,role/?id=3743990003299018
PublicHealth,REF23987G,PermanentCivilService,2583,HomeHealthAide,3743990003299057,,City and County of San Francisco,2024-01-18T20:23:31.167Z,Home Health Aide (2583) - San Francisco Department of Public Health at San Francisco Public Health,role/?id=3743990003299057
PublicHealth,REF10366L,PermanentCivilService,2303,PatientCareAssistant,3743990003298867,,City and County of San Francisco,2024-01-18T20:22:33.444Z,Certified Nursing Assistant (2303) - San Francisco Department of Public Health at San Francisco Public Health,role/?id=3743990003298867
RecreationParkCommission,REF20770A,TemporaryExempt,2708,Custodian,3743990003296386,,City and County of San Francisco,2024-01-18T16:30:21.760Z,Custodian - Camp Mather (Outside of San Francisco) - Rec and Parks (2708) at San Francisco Recreation & Park Commission,role/?id=3743990003296386
RecreationParkCommission,REF36693O,TemporaryExempt,2654,Cook,3743990003277047,,City and County of San Francisco,2024-01-12T23:48:37.815Z,Cook - Camp Mather 2024 (Outside of San Francisco) - Rec & Parks (2654) at San Francisco Recreation & Park Commission,role/?id=3743990003277047
PublicHealth,RTF0116440-01143892,PermanentCivilService,2243,SupervisingPsychiatricPhysicianSpecialist,3743990003271736,,City and County of San Francisco,2024-01-12T18:03:51.341Z,Supervising Psychiatrist - Deputy Medical Director of Managed Care PBT 2243 at San Francisco Public Health,role/?id=3743990003271736
PublicHealth,REF31342O,PermanentCivilService,2548,OccupationalTherapist,3743990003271433,,City and County of San Francisco,2024-01-12T18:02:31.117Z,Occupational Therapist - Citywide CCT 2548 at San Francisco Public Health,role/?id=3743990003271433
PublicHealth,REF8353N,PermanentCivilService,2233,SupervisingPhysicianSpecialist,3743990003271566,,City and County of San Francisco,2024-01-12T18:01:19.936Z,Supervising Physician Specialist – All Specialties CCT 2233 at San Francisco Public Health,role/?id=3743990003271566
PublicHealth,REF31397C,PermanentCivilService,2556,PhysicalTherapist,3743990003271506,,City and County of San Francisco,2024-01-12T17:59:06.744Z,Physical Therapist - Citywide CCT 2556 at San Francisco Public Health,role/?id=3743990003271506
PublicHealth,REF4249O,PermanentExempt,2242,SeniorPsychiatricPhysicianSpecialist,3743990003271324,,City and County of San Francisco,2024-01-12T17:54:18.203Z,Senior Psychiatrist-Citywide (2242) at San Francisco Public Health,role/?id=3743990003271324
PublicUtilitiesCommission,REF36243J,TemporaryExempt,9922,PublicServiceAide,3743990003253126,,City and County of San Francisco,2024-01-10T20:07:03.765Z,"Public Service Aide - Associate to Professionals - SFPUC Internship, 2024 (9922) at San Francisco Public Utilities Commission",role/?id=3743990003253126
PublicUtilitiesCommission,REF36239X,TemporaryExempt,9920,PublicServiceAide,3743990003253116,,City and County of San Francisco,2024-01-10T20:05:58.096Z,"Public Service Aide - Assistant to Professionals - SFPUC Internship, 2024 (9920) at San Francisco Public Utilities Commission",role/?id=3743990003253116
PublicHealth,REF6963H,PermanentCivilService,2305,PsychiatricTechnician,3743990003247446,,City and County of San Francisco,2024-01-10T00:02:36.596Z,Psychiatric Technician (2305) - Department of Public Health - H00038 at San Francisco Public Health,role/?id=3743990003247446
PublicHealth,RTF0136830-01107773,TemporaryProvisionalPermanentCivilService,7120,BuildingsAndGroundsMaintenanceSuperintendent,3743990003247436,,City and County of San Francisco,2024-01-10T00:01:19.107Z,Building and Grounds Maintenance Superintendent (7120) - Dept. Public Health – Temporary Provisional (TPV) at San Francisco Public Health,role/?id=3743990003247436
PublicHealth,REF9182L,PermanentCivilService,2314,BehavioralHealthTeamLeader,3743990003247406,,City and County of San Francisco,2024-01-09T23:59:09.738Z,Behavioral Health Team Leader - Department of Public Health (2314) at San Francisco Public Health,role/?id=3743990003247406
PublicHealth,REF12352X,PermanentCivilService,2409,PharmacyTechnician,3743990003247386,,City and County of San Francisco,2024-01-09T23:58:16.816Z,Pharmacy Technician (2409) - Dept. of Public Health at San Francisco Public Health,role/?id=3743990003247386
PublicHealth,REF14156P,PermanentCivilService,2312,LicensedVocationalNurse,3743990003247266,,City and County of San Francisco,2024-01-09T23:50:45.798Z,Licensed Vocational Nurse (2312) - H00018 at San Francisco Public Health,role/?id=3743990003247266
PublicHealth,REF4916L,TemporaryExempt,1229,SpecialExaminer,3743990003247226,,City and County of San Francisco,2024-01-09T23:41:40.474Z,Special Bilingual Examiner (Filipino-English) - San Francisco Department of Public Health (1229) at San Francisco Public Health,role/?id=3743990003247226
RecreationParkCommission,RTF0143119-01118424,TemporaryExempt,3286,RecreationCoordinator,3743990003246566,,City and County of San Francisco,2024-01-09T22:12:24.222Z,Recreation Coordinator - Camp Mather 2024 (outside of San Francisco) - Rec & Parks (3286) at San Francisco Recreation & Park Commission,role/?id=3743990003246566
RecreationParkCommission,REF36522U,TemporaryExempt,2650,AssistantCook,3743990003246046,,City and County of San Francisco,2024-01-09T21:22:35.666Z,Assistant Cook - Camp Mather 2024 (Outside of San Francisco) - Rec & Parks (2650) at San Francisco Recreation & Park Commission,role/?id=3743990003246046
HumanServicesAgency,REF36550S,PermanentCivilService,2940,ProtectiveServicesWorker,3743990003245186,,City and County of San Francisco,2024-01-09T20:01:34.271Z,Protective Services Worker – Adult Protective Services - San Francisco Human Services Agency (2940) (X00049) at San Francisco Human Services Agency,role/?id=3743990003245186
PublicLibrary,RTF0136480-01107841,TemporaryProvisionalPermanentCivilService,7205,ChiefStationaryEngineer,3743990003243626,,City and County of San Francisco,2024-01-09T17:32:37.793Z,TPV - Chief Stationary Engineer - San Francisco Public Library (7205) - 136481 at San Francisco Public Library,role/?id=3743990003243626
RecreationParkCommission,REF36516S,TemporaryExempt,2604,FoodServiceWorker,3743990003239636,,City and County of San Francisco,2024-01-08T22:03:17.735Z,Food Service Worker - Camp Mather 2024 (Outside of San Francisco) - Rec & Parks (2604) at San Francisco Recreation & Park Commission,role/?id=3743990003239636
RecreationParkCommission,RTF0143237-01155986,TemporaryExempt,2706,Housekeeper,3743990003228336,,City and County of San Francisco,2024-01-05T21:08:54.667Z,Housekeeper/Food Service Cleaner - Camp Mather 2024 (Outside of San Francisco) - Rec & Parks (2706) at San Francisco Recreation & Park Commission,role/?id=3743990003228336
RecreationParkCommission,RTF0143211-01134560,PermanentExempt,2656,Chef,3743990003228286,,City and County of San Francisco,2024-01-05T21:05:49.461Z,Chef - Camp Mather 2024 (Outside of San Francisco) - Rec & Parks (2656) at San Francisco Recreation & Park Commission,role/?id=3743990003228286
FireDepartment,REF34757B,PermanentCivilService,H002,Firefighter,3743990003191286,,City and County of San Francisco,2023-12-28T22:03:59.757Z,Firefighter-San Francisco Fire Department (H002) at San Francisco Fire Department,role/?id=3743990003191286
RetirementSystem,RTF0142418-01011057,PermanentExempt,0922,ManagerI,3743990003176306,,City and County of San Francisco,2023-12-21T23:32:40.999Z,Investment Officer of Public Equity - San Francisco Employees' Retirement System (0922) (142419) at San Francisco Retirement System,role/?id=3743990003176306
PublicWorks,RTF0116764-01138937,TemporaryExempt,9916,PublicServiceAide,3743990003000036,,City and County of San Francisco,2023-11-18T00:06:50.531Z,Public Service Aide - Street & Environmental Services - San Francisco Public Works (9916 TEX) at San Francisco Public Works,role/?id=3743990003000036
Technology,RTF0141706-01124403,PermanentExempt,1052,ISBusinessAnalyst,3743990002973736,,City and County of San Francisco,2023-11-14T17:44:15.499Z,SharePoint/Microsoft 365 Support Analyst  - Department of Technology (1052) at San Francisco Technology,role/?id=3743990002973736
CityAttorney,RTF0141596-01050935,TemporaryProvisionalPermanentCivilService,1458,LegalSecretaryI,3743990002946916,,City and County of San Francisco,2023-11-08T23:58:25.049Z,Legal Secretary I – Worker Protection – City Attorney’s Office (1458) at San Francisco City Attorney,role/?id=3743990002946916
TechHireProgram,REF11425P,PermanentCivilService,1044,ISEngineer,3743990002931996,,City and County of San Francisco,2023-11-06T22:38:57.733Z,Principal Information Systems Engineer - Systems Specialty - City and County of San Francisco - Multiple Departments Citywide – 1044 at San Francisco Tech Hire Program,role/?id=3743990002931996
TechHireProgram,REF11393Y,PermanentCivilService,1044,ISEngineer,3743990002931986,,City and County of San Francisco,2023-11-06T22:38:52.444Z,Principal Information Systems Engineer - Security Specialty - City and County of San Francisco - Multiple Departments Citywide – 1044 at San Francisco Tech Hire Program,role/?id=3743990002931986
TechHireProgram,REF11386E,PermanentCivilService,1044,ISEngineer,3743990002931976,,City and County of San Francisco,2023-11-06T22:38:49.272Z,Principal Information Systems Engineer - Networks Specialty - City and County of San Francisco - Multiple Departments Citywide – 1044 at San Francisco Tech Hire Program,role/?id=3743990002931976
TechHireProgram,REF11382M,PermanentCivilService,1044,ISEngineer,3743990002931966,,City and County of San Francisco,2023-11-06T22:38:46.601Z,Principal Information Systems Engineer - Applications Specialty - City and County of San Francisco - Multiple Departments Citywide - 1044 at San Francisco Tech Hire Program,role/?id=3743990002931966
TechHireProgram,REF11424D,PermanentCivilService,1043,ISEngineer,3743990002931956,,City and County of San Francisco,2023-11-06T22:38:04.021Z,Senior Information Systems Engineer – Systems Specialty – City and County of San Francisco – Multiple Departments Citywide - 1043 at San Francisco Tech Hire Program,role/?id=3743990002931956
TechHireProgram,REF11391G,PermanentCivilService,1043,ISEngineer,3743990002931946,,City and County of San Francisco,2023-11-06T22:38:00.282Z,Senior Information Systems Engineer – Security Specialty – City and County of San Francisco – Multiple Departments Citywide - 1043 at San Francisco Tech Hire Program,role/?id=3743990002931946
TechHireProgram,REF11385U,PermanentCivilService,1043,ISEngineer,3743990002931936,,City and County of San Francisco,2023-11-06T22:37:56.981Z,Senior Information Systems Engineer – Networks Specialty – City and County of San Francisco – Multiple Departments Citywide - 1043 at San Francisco Tech Hire Program,role/?id=3743990002931936
TechHireProgram,REF11381W,PermanentCivilService,1043,ISEngineer,3743990002931926,,City and County of San Francisco,2023-11-06T22:37:52.741Z,Senior Information Systems Engineer - Applications Specialty - City and County of San Francisco - Multiple Departments Citywide - 1043 at San Francisco Tech Hire Program,role/?id=3743990002931926
TechHireProgram,REF11423L,PermanentCivilService,1042,ISEngineer,3743990002931896,,City and County of San Francisco,2023-11-06T22:26:50.299Z,Journey Information Systems Engineer – Systems Specialty – City and County of San Francisco – Multiple Departments Citywide – 1042 at San Francisco Tech Hire Program,role/?id=3743990002931896
TechHireProgram,REF11390M,PermanentCivilService,1042,ISEngineer,3743990002931886,,City and County of San Francisco,2023-11-06T22:26:44.668Z,Journey Information Systems Engineer – Security Specialty – City and County of San Francisco – Multiple Departments Citywide – 1042 at San Francisco Tech Hire Program,role/?id=3743990002931886
TechHireProgram,REF11387H,PermanentCivilService,1042,ISEngineer,3743990002931876,,City and County of San Francisco,2023-11-06T22:26:35.515Z,Journey Information Systems Engineer – Networks Specialty – City and County of San Francisco – Multiple Departments Citywide – 1042 at San Francisco Tech Hire Program,role/?id=3743990002931876
TechHireProgram,REF11361X,PermanentCivilService,1042,ISEngineer,3743990002931866,,City and County of San Francisco,2023-11-06T22:26:31.375Z,Journey Information Systems Engineer - Applications Specialty - City and County of San Francisco - Multiple Departments Citywide - 1042 at San Francisco Tech Hire Program,role/?id=3743990002931866
TechHireProgram,REF11421A,PermanentCivilService,1041,ISEngineer,3743990002931856,,City and County of San Francisco,2023-11-06T22:22:01.784Z,Assistant Information Systems Engineer - Systems Specialty - City and County of San Francisco - Multiple Departments Citywide – 1041 at San Francisco Tech Hire Program,role/?id=3743990002931856
TechHireProgram,REF11389E,PermanentCivilService,1041,ISEngineer,3743990002931846,,City and County of San Francisco,2023-11-06T22:21:57.821Z,Assistant Information Systems Engineer - Security Specialty - City and County of San Francisco - Multiple Departments Citywide - 1041 at San Francisco Tech Hire Program,role/?id=3743990002931846
TechHireProgram,REF11388D,PermanentCivilService,1041,ISEngineer,3743990002931826,,City and County of San Francisco,2023-11-06T22:21:54.513Z,Assistant Information Systems Engineer - Networks Specialty - City and County of San Francisco - Multiple Departments Citywide – 1041 at San Francisco Tech Hire Program,role/?id=3743990002931826
TechHireProgram,REF11330D,PermanentCivilService,1041,ISEngineer,3743990002931816,,City and County of San Francisco,2023-11-06T22:21:49.471Z,Assistant Information Systems Engineer - Applications Specialty - City and County of San Francisco - Multiple Departments Citywide - 1041 at San Francisco Tech Hire Program,role/?id=3743990002931816
Police,REF4448M,TemporaryExempt,8274,PoliceCadet,3743990002917946,,City and County of San Francisco,2023-11-02T23:24:22.296Z,Police Cadet - Police (8274) at San Francisco Police,role/?id=3743990002917946
Technology,RTF0140402-01093033,TemporaryExempt,7430,AssistantElectronicMaintenanceTechnician,3743990002862611,,City and County of San Francisco,2023-10-24T16:14:31.660Z,Assistant Electronic Maintenance Technician - Department of Technology (7430) at San Francisco Technology,role/?id=3743990002862611
SFCommunityCollegeDistrict,RTF0141089-01155717,TemporaryExempt,3208,PoolLifeguard,3743990002823276,,City and County of San Francisco,2023-10-17T21:08:04.661Z,3208-Pool Lifeguard - City College of San Francisco at San Francisco SF Community College District,role/?id=3743990002823276
RecreationParkCommission,REF2498G,TemporaryExempt,3278,RecreationFacilityAssistant,3743990002760516,,City and County of San Francisco,2023-10-05T21:28:04.509Z,Recreation Facility Assistant (3278 TEX - As Needed) at San Francisco Recreation & Park Commission,role/?id=3743990002760516
Citywide,REF29335L,PermanentCivilService,1840,JuniorManagementAssistant,3743990002705466,,City and County of San Francisco,2023-09-27T23:19:12.041Z,Junior Management Assistant (1840) - Multiple Departments Citywide (C00194) at San Francisco Citywide,role/?id=3743990002705466
Citywide,REF29342Q,PermanentCivilService,1844,SeniorManagementAssistant,3743990002705426,,City and County of San Francisco,2023-09-27T23:13:43.934Z,SENIOR MANAGEMENT ASSISTANT (1844) - Multiple Departments Citywide (C00196) at San Francisco Citywide,role/?id=3743990002705426
Technology,RTF0139805-01148386,TemporaryExempt,7432,ElectricalLineHelper,3743990002704466,,City and County of San Francisco,2023-09-27T20:53:56.078Z,Electrical Line Helper - Department of Technology (7432) at San Francisco Technology,role/?id=3743990002704466
CityAdministrator,RTF0135218-01075594,TemporaryExempt,1777,Media,3743990002599046,,City and County of San Francisco,2023-09-13T19:47:10.786Z,"Media/Security Systems Specialist, Office of the City Administrator - Real Estate Division (1777) at San Francisco City Administrator",role/?id=3743990002599046
RecreationParkCommission,REF3050I,TemporaryExempt,3208,PoolLifeguard,3743990002542436,,City and County of San Francisco,2023-08-31T17:43:49.827Z,Lifeguard - San Francisco Pools (3208 TEX As-Needed) at San Francisco Recreation & Park Commission,role/?id=3743990002542436
AcademyofSciences,RTF0136770-01053272,PermanentExempt,7335,SeniorStationaryEngineer,3743990002541616,,City and County of San Francisco,2023-08-31T15:48:38.819Z,Senior Stationary Engineer (7335) at the Academy of Sciences at San Francisco Academy of Sciences,role/?id=3743990002541616
Citywide,REF29341O,PermanentCivilService,1842,ManagementAssistant,3743990002515599,,City and County of San Francisco,2023-08-25T18:26:05.155Z,Management Assistant (1842) - Multiple Departments Citywide (C00195) at San Francisco Citywide,role/?id=3743990002515599
Sheriff,REF3046S,PermanentCivilService,8504,DeputySheriff,3743990002512940,,City and County of San Francisco,2023-08-25T16:19:28.250Z,Deputy Sheriff (Academy Trained) - San Francisco Sheriff Department (8504) at San Francisco Sheriff,role/?id=3743990002512940
Sheriff,REF12238T,PermanentCivilService,8302,DeputySheriffI,3743990002512711,,City and County of San Francisco,2023-08-25T16:17:32.110Z,Deputy Sheriff (Entry-Level) - San Francisco Sheriff Department (8302) at San Francisco Sheriff,role/?id=3743990002512711
Controller,RTF0122795-01136383,TemporaryExempt,9920,PublicServiceAide,3743990002486146,,City and County of San Francisco,2023-08-24T19:21:49.091Z,Public Service Aide - Assistant To Professionals - Controller's Office (9920) at San Francisco Controller,role/?id=3743990002486146
RecreationParkCommission,REF1992O,TemporaryExempt,2708,Custodian,3743990002485816,,City and County of San Francisco,2023-08-24T18:27:59.870Z,Custodian (Custodial Relief Program) - Rec and Parks (2708) at San Francisco Recreation & Park Commission,role/?id=3743990002485816
Technology,REF2739I,TemporaryExempt,7308,CableSplicer,3743990002485366,,City and County of San Francisco,2023-08-24T18:04:33.126Z,Cable Splicer (Specialty B) - Department of Technology (7308) at San Francisco Technology,role/?id=3743990002485366
Technology,REF2738S,TemporaryExempt,7308,CableSplicer,3743990002485336,,City and County of San Francisco,2023-08-24T18:04:02.677Z,Cable Splicer (Specialty A) - Department of Technology (7308) at San Francisco Technology,role/?id=3743990002485336
Technology,REF53O,TemporaryExempt,7362,CommunicationsSystemsTechnician,3743990002485306,,City and County of San Francisco,2023-08-24T18:03:12.186Z,"Communications Systems Technician, Department of Technology (7362) at San Francisco Technology",role/?id=3743990002485306
Technology,RTF0134033-01118177,PermanentExempt,1042,ISEngineer,3743990002485216,,City and County of San Francisco,2023-08-24T18:01:07.613Z,Cloud Endpoint Management Engineer - Department of Technology (1042) at San Francisco Technology,role/?id=3743990002485216
Citywide,REF29570M,PermanentCivilService,7334,StationaryEngineer,3743990002484116,,City and County of San Francisco,2023-08-24T16:18:30.200Z,Stationary Engineer (7334) - Multiple Departments Citywide (REF29570M) at San Francisco Citywide,role/?id=3743990002484116
AccesstoCityEmployment,REF3188U,PermanentExempt,2930,BehavioralHealthClinician,3743990002478706,,City and County of San Francisco,2023-08-23T22:13:36.866Z,Behavioral Health Clinician - Access to City Employment (ACE) (2930) at San Francisco Access to City Employment,role/?id=3743990002478706
AccesstoCityEmployment,REF3301K,PermanentExempt,7334,StationaryEngineer,3743990002478666,,City and County of San Francisco,2023-08-23T22:08:38.863Z,Stationary Engineer - Access to City Employment (ACE) (7334) at San Francisco Access to City Employment,role/?id=3743990002478666
AccesstoCityEmployment,REF3127M,PermanentExempt,2303,PatientCareAssistant,3743990002478466,,City and County of San Francisco,2023-08-23T22:00:24.241Z,Certified Nursing Assistant - Access to City Employment (ACE) (2303) at San Francisco Access to City Employment,role/?id=3743990002478466
Citywide,REF3447Z,PermanentCivilService,5215,FireProtectionEngineer,3743990002478396,,City and County of San Francisco,2023-08-23T21:51:32.622Z,Fire Protection Engineer 5215 at San Francisco Citywide,role/?id=3743990002478396
PublicLibrary,REF3008X,TemporaryExempt,3630,LibrarianI,3743990002379456,,City and County of San Francisco,2023-08-17T18:40:29.766Z,"Librarian I  - San Francisco Public Library (3630, TEX As-needed) at San Francisco Public Library",role/?id=3743990002379456
CityAdministrator,RTF0138547-01111931,TemporaryProvisionalPermanentCivilService,7313,AutomotiveMachinist,3743990002339919,,City and County of San Francisco,2023-08-09T19:55:38.883Z,Automotive Machinist - Fleet Management (7313) at San Francisco City Administrator,role/?id=3743990002339919
Citywide,REF27073Y,PermanentCivilService,1244,SeniorHumanResourcesAnalyst,3743990001939691,,City and County of San Francisco,2023-06-07T16:25:50.169Z,Senior Human Resources Analyst (1244) - Multiple Departments Citywide (C00184) at San Francisco Citywide,role/?id=3743990001939691
Citywide,REF27072P,PermanentCivilService,1241,HumanResourcesAnalyst,3743990001939637,,City and County of San Francisco,2023-06-07T16:24:32.085Z,Human Resources Analyst (1241) - Multiple Departments Citywide (C00183) at San Francisco Citywide,role/?id=3743990001939637
Citywide,REF25945G,PermanentCivilService,1822,AdministrativeAnalyst,3743990001841276,,City and County of San Francisco,2023-05-17T17:44:46.628Z,Administrative Analyst (1822) - Multiple Departments Citywide (C00186) at San Francisco Citywide,role/?id=3743990001841276
Citywide,REF25983R,PermanentCivilService,1820,JuniorAdministrativeAnalyst,3743990001740436,,City and County of San Francisco,2023-05-04T21:25:19.313Z,Junior Administrative Analyst (1820) - Multiple Departments Citywide (C00185) at San Francisco Citywide,role/?id=3743990001740436
DistrictAttorney,RTF0123002-01124239,PermanentExempt,8550,DistrictAttorney,743999832203351,,City and County of San Francisco,2022-06-10T22:34:34.000Z,8550-District Attorney's Investigator at San Francisco District Attorney,role/?id=743999832203351
